{
    "Notes": {
        "Note": [
            {
                "reservationNumber": "431732877",
                "associateName": "MACYS  COM",
                "associateId": "71115670",
                "associateDivision": "71",
                "noteType": "540",
                "noteText": "POSSIBLE MULTI SHIPMENT                                                                                                 A LETTER/E-MAIL SHOULD GO TO THE CUSTOMER",
                "noteDescription": "MULTI SHIP NOTICE",
                "status": "5",
                "createTimestamp": "2019-10-24 18:39:25.466241",
                "sequenceNumber": 7,
                "threadNumber": 7,
                "lineNumber": 0,
                "noteLocation": "Main"
            },
            {
                "reservationNumber": "431732877",
                "associateName": "MACYS  COM",
                "associateId": "71115670",
                "associateDivision": "71",
                "noteType": "240",
                "noteText": "CONFIRMATION FOR SHIPMENT 00001                                                                                   NRT   AN EMAIL HAS BEEN SENT TO THE CUSTOMER ON 20191024 06:39:07",
                "noteDescription": "ORDER CONFIRMATION",
                "status": "9",
                "createTimestamp": "2019-10-24 18:39:25.170958",
                "sequenceNumber": 6,
                "threadNumber": 6,
                "lineNumber": 0,
                "noteLocation": "Main",
                "emailRecord": {
                    "transmitTimestamp": "9999-12-31",
                    "deliveryStatus": "IN PROCESS",
                    "deliveryType": "E",
                    "mailId": "WORKFLOWMANAGER",
                    "emailAddress": "SOMALA.VENKAT@GMAIL.COM"
                }
            },
            {
                "reservationNumber": "431732877",
                "associateName": "MACYS  COM",
                "associateId": "71115670",
                "associateDivision": "71",
                "noteType": "209",
                "noteText": "FRAUD STATUS CODE: ACCEPT    FRAUD ERROR CODE:     PROCESS:SECONDARY FALL",
                "noteDescription": "RED APPROVED",
                "status": "1",
                "createTimestamp": "2019-10-24 18:39:25.170562",
                "sequenceNumber": 5,
                "threadNumber": 5,
                "lineNumber": 0,
                "noteLocation": "Main"
            },
            {
                "reservationNumber": "431732877",
                "associateName": "MACYS  COM",
                "associateId": "71115670",
                "associateDivision": "71",
                "noteType": "508",
                "noteText": "RISK FRAUD CHECK ENABLED RESERVATION:WAITING FOR RISK RESP  ACCEPT (509), DENY (510) RESP IND:E                         ERR DSC:800:com.macys.risk.foundation.rest.RestClientExcepti",
                "noteDescription": "RISK RESP REQUIRED",
                "status": "1",
                "createTimestamp": "2019-10-24 18:39:25.155854",
                "sequenceNumber": 4,
                "threadNumber": 4,
                "lineNumber": 0,
                "noteLocation": "Main"
            },
            {
                "reservationNumber": "431732877",
                "associateName": "",
                "associateId": "0",
                "associateDivision": "0",
                "noteType": "140",
                "noteText": "\"paymentInputMethod\":\"KEYED\"",
                "noteDescription": "FRAUD ADDTNL DATA",
                "status": "1",
                "createTimestamp": "2019-10-24 18:39:25.154713",
                "sequenceNumber": 3,
                "threadNumber": 3,
                "lineNumber": 0,
                "noteLocation": "Main"
            },
            {
                "reservationNumber": "431732877",
                "associateName": "",
                "associateId": "0",
                "associateDivision": "0",
                "noteType": "201",
                "noteText": "SHIP TO SHIPMENT 000/1544 SPRING HILL RD/APT 3/MCLEAN/VA/22102/USA/",
                "noteDescription": "GROUP1",
                "status": "1",
                "createTimestamp": "2019-10-24 18:39:24.965715",
                "sequenceNumber": 2,
                "threadNumber": 2,
                "lineNumber": 0,
                "noteLocation": "Main"
            },
            {
                "reservationNumber": "431732877",
                "associateName": "",
                "associateId": "0",
                "associateDivision": "0",
                "noteType": "201",
                "noteText": "BILL TO/3330 COUNTRY DR/APT 3/FREMONT/CA/94536/USA/",
                "noteDescription": "GROUP1",
                "status": "1",
                "createTimestamp": "2019-10-24 18:39:24.882308",
                "sequenceNumber": 1,
                "threadNumber": 1,
                "lineNumber": 0,
                "noteLocation": "Main"
            }
        ]
    }
}